contract,scale_factor
K2025,96.90714402698123
N2025,99.98444306160548
Q2025,99.98478393147971
