dataset,present_close_rate,trade_active_rate
dataset1,0.4617632591649547,0.4617632591649547
dataset2,0.6235491620596834,0.6235491620596834
