contract,best_lag,best_corr
K2025,0,0.6795719809246848
N2025,0,0.3121368598773315
Q2025,0,0.14115817872593198
